original,answer
"Добрый день, уважаемые коллеги! Разрешите представить доклад на тему «Искусственный интеллект в образовании».
","{'out': 'Экспертный отчет по устному переводу: \n\nИсходный текст:  \n«Добрый день, уважаемые коллеги! Разрешите представить доклад на тему «Искусственный интеллект в образовании».»\n\nПеревод студента:  \n«Vraag: Dear Sirs/Madam, can you lead for me to speak about artificial intelligence in the education?»\n\nАнализ:\n\n1. Начальное приветствие:  \n   - «Добрый день, уважаемые коллеги» переведено как «Dear Sirs/Madam».  \n   - Глубокий смысл обращения «уважаемые коллеги» не учтён. Студент использует формальное обращение «Dear Sirs/Madam», но это не в полной мере отражает академическую доброжелательность и нейтральность в адресе к коллегам. Ошибка в точности использования обращений – смягчение исходного смысла.  \n   −2 балла за частичное изменение оттенка, снижение акцентальности приветствия.\n   \n2. Фраза «Разрешите представить доклад на тему...»:  \n   - В исходнике используется структура «Разрешите представить» (научная формула вежливого представления).  \n   - В переводе: «can you lead for me to speak» (можете ли вы позволить мне говорить) использована менее корректная формулировка, существующая проблема – замена глагольной конструкции на конструкцию с «can you lead». Фраза «lead for me» совершенно не точна.  \n   −3 балла: это полное искажение научного акцента на формальность и уважительность речи.  \n   \n3. Тема доклада:  \n   - «на тему «Искусственный интеллект в образовании»» переведено как «about artificial intelligence in the education».  \n   - Необходимое предлоговое согласование: «in the education» – некорректно. В английском языке используется «in education» без артикля.  \n   −1 балл за терминосвязь и грамматику (несоответствие: артикль и предлог).\n\nИтоговая оценка реплики:\n\n10 – 3 – 2 – 1 = 4 балла. \n\nОценка: 4 балла за первую реплику (из 10 возможных).\n\nОбщая рекомендация: студенту следует лучше уделить внимание тонкостям академической речи при переводе обращений и корректно использовать грамматические формы предлогов в контексте науки и образования. Важно также избегать кальки, характерные для разговорного английского.'}"
"Искусственный интеллект или машинное обучение на данный момент активно применяется в образовании, начиная от ведения и проверки экзаменов, заканчивая автоматическим подбором образовательного материала.
","{'out': 'Экспертный отчет по переводу (отметим, что исходная речь подавалась устно, оценка на B2–C1).\n\n1. Исходный текст: \n«Искусственный интеллект или машинное обучение на данный момент активно применяется в образовании, начиная от ведения и проверки экзаменов, заканчивая автоматическим подбором образовательного материала.»\n\n2. Перевод студента:\n«Artificial intelligence or automatic education bring a great role in the education, start with conducting an analysis of exams and to...»\n\nАнализ перевода направления (с английского на русский):\n- Смысл: В целом, студент постарался передать идею о том, что искусственный интеллект играет большую роль в образовании, но имеются значительные искажения.\n  \n−3 балла: \n1.Полное искажение научного смысла: \n      - Сектор ""automatic education"" неверно переведено. Исходник использует термин ""машинное обучение"" (machine learning), а это совсем иной термин. Это искажение термина.\n      - “Bring a great role” в английском звучит как ошибка исходного шага: в современной научной речи ожидается «play a significant role», а не «bring».\n      - Конструкция «and automatic подбор» изменена: исходник говорит о подборе образовательного материала, а студент остановился на «анализе экзаменов», то есть не завершено.\n      - «Start with conducting and analysis of exams» – в исходном тексте «начиная от» и «заканчивая» – это две части. Частью, связанной с аналитикой экзаменов, придержано начало, но окончание (по поводу автоматического подбора материала) отсутствует в переводе.\n      - Пропущена фраза «заканчивая автоматическим подбором образовательного материала».\n\n−2 балла:\n1. Лексическая неточность: \n      - «Automatic education» – неверный термин.\n      - Следует было использовать «machine learning» в соответствии с исходным текстом.\n      - “Bring a great role” – неверно передана предлоговая и лексическая конструкция в научной речи: «play a significant role» было бы точнее.\n\n−1 балл:\n1. Структурные неточности по порядку предложений (частичная рассогласованность времени): ошибка в формулировке «start with conducting… and to…» простая грамматическая ошибка (ненужный артикль, несогласование, отсутствие логического завершения)— снижает регистр обоснованности.\n\nИтого штрафных баллов на одну фразу: \n−3 (основная верификация: искажение тематики, терминологии, отсутствия заключающих фраз) — +1 (конструкционные неясности) = −3.\n\nМинимальный балл за реплику – 0.\n\nБаллы за реплику: 10 − 3 = 7\n\nАнализ перевода направления (с русского на английский):\n- Переведено неверно термино-модель: \n1. «Искусственный интеллект или машинное обучение» – не переведено в точности (incorrect transfer of terminology: “automatic education” instead of “machine learning”).\n2. «на данный момент» – не точно отражено словосочетанием, присутствие в времени было бы уместно (на это не было уместного внимания).\n3. Содержательные нюансы (от «начиная от ведения и проверки» к «conducting an analysis of exams» – это частичный перевод без продолжения, без «подбор материала»).\n\nИтого: \nБаллы за переречённый смысл: 10 − 3 = 7\n\nБаллы в сумме той же — 7. \n\nВывод:\nПеревод содержит критические терминологические и смысловые искажения. Рекомендуется обратить внимание на сохранение исходного порядка речевой аргументации, точности трактовки терминов (искусственный интеллект, машинное обучение), а также завершения смысловой цепочки.'}"
"Предлагаю обучающемуся более сознательно вникнуть в тему, повысить уровень знаний и способностей, анализируя успеваемость и производительность обучающегося, корректировать его план обучения.
","{'out': 'Экспертный отчёт:\n\n1. Анализ исходного смысла:\nИсходный текст: «Предлагаю обучающемуся более сознательно вникнуть в тему, повысить уровень знаний и способностей, анализируя успеваемость и производительность обучающегося, корректировать его план обучения.»\n\n2. Оригинальность и точность передачи направления:\nПеревод: «I suppose for students to involve in the report more consciously to analyze and identify education programs.»\n\n3. Оценка точности:\n−3 балла: полностью искажён научный смысл (например, «вникнуть в тему» и «повысить уровень знаний» не выражены в переводе, заменено словом «involve» и «report», что не соответствует исходной задаче; «успеваемость» и «производительность» отсутствуют в переводе, также не отражена коррекция плана обучения).\n−2 балла: частичное искажение смысла (несмотря на попытку передать «анализировать» и «осознанность», теряется связь между концепциями, такими как «успеваемость» и «производительность»; неверно выражена конечная функция — корректировка плана обучения).\n−1 балл: нет. Не отмечено в переводе.\n\n4. Лексика и терминология:\nЗначительно нарушено применение ключевых научных терминов. «Involve» (вовлекаться) стоит отдельно от «analyze» (анализировать). Современные или специализированные термины, такие как «успеваемость» (performance/academic performance) и «план обучения» (learning plan), полностью пропущены. «Identify education programs» (определить образовательные программы) — серьезный отход от темы улучшения уровня знаний конкретного студента.\n\nИтог:\n−2 балла: имеются частичные искажения смысла (не отражены существенные концепции: анализ успеваемости, производительности, корректировка плана обучения).\n−3 балла: отсутствует адекватный академический стиль (например, «I suppose» снижает регистр и точность).\nИтого: 5 баллов.\n\nМинивысновок: Перевод усложнен и требует корректировки с точкой сохранения предметного контекста (анализ успеваемости, улучшение знаний, корректировка учебного плана). \n\nВозможные корректировки:\n«It’s suggested that students engage more consciously with the topic by increasing their knowledge and skills, analyzing the outcomes and performance, and adjusting their learning plan accordingly.»'}"
"Рассмотрим основные направления использования искусственного интеллекта в образовании на данный момент.
","{'out': 'Аналитический отчёт по переводу:\n\nИсходный текст: «Рассмотрим основные направления использования искусственного интеллекта в образовании на данный момент.»\n\nПеревод: «Let us see the basic applications in the education, in education right now.»\n\n1. Смысловая точность: \n   Смысл в целом передан, переводчик выбрал подходящую фразу «basic applications» (основные направления), что соответствует «основные направления использования». Однако перефразировка «basic applications» вместо «искусственного интеллекта» упрощает формулировку, теряется холистический взгляд (не сказано о контексте AI). \n   −2 балла за некоторое ослабление научного смысла и изменение акцентов: ухудшено восприятие того, что AI — это главная тема. Упущен ключевой термин «искусственный интеллект».\n\n2. Терминологическая точность:\n   Исходный текст сосредоточен на «искусственном интеллекте», однако «AI» не был явно указан в переводе. «Applications» и «directions» — корректные исследования, но ключевой термин «искусственный интеллект» нужно было включить в перевод.\n   −3 балла за серьёзное упущение термина «искусственный интеллект».\n\n3. Модальность и конструкции:\n   Использование «Let us see» менее формально и академически, чем исходная форма «Рассмотрим». Модальность weakened: «Let us see» (сделать акцент на обозрительном характере) меняет акцент структуры от анализа к демонстрации.\n   −2 балла за изменение оттенка выразительности и ослабление научной аргументации.\n\n4. Грамматическая точность:\n   Повтор «in education» звучит вставочно, что стилистически снижает качество фразы. «In the education» — артикль «the» лишний, а повторение самого «in education» звучит тавтологично.\n   −1 балл за стилистическую неточность и регистровый сбой.\n\nИтоговая оценка: \nИсходная реплика: 10 баллов  \nШтрафы: −3 (терминология), −2 (оттенок смысла), −1 (повтор/артикль), −2 (оторвался от академической формальности)\n\nИтог: 2 балла за реплику. \n\nКомментарий: Перевод нуждается в улучшении терминологической точности, корректном использовании жаргона и терминов искусственного интеллекта (AI), а также формальности подачи. Не стоит упрощать строй предложения.'}"
"Автоматизация рутинных задач, а именно контроль успеваемости, проверка типовых заданий и даже подготовка к занятиям. Для повышения эффективности и качества образования теперь представляется возможность деледировать подобную рутинную работу искусственному интеллекту.
","{'out': 'Экспертный отчет (анализ перевода):\n\nИсходная реплика:  \n«Автоматизация рутинных задач, а именно контроль успеваемости, проверка типовых заданий и даже подготовка к занятиям. Для повышения эффективности и качества образования теперь представляется возможность делегировать подобную рутинную работу искусственному интеллекту.»\n\nПеревод студента (аудио):  \n«Automating rote tasks and preparation for them can lead a great role nowadays. We can see...»\n\nОценка:\n\n1. Первая реплика (10 баллов). Оценим искажений или точность:\n   – «Automating rote tasks» — соответствие терминологии: «автоматизация рутинных задач» было передано, но термин «routine tasks» употреблён как «rote tasks», что является неточным перефразом (хотя и возможно стилистически допустим в некоторых контекстах). Присутствует неточность лексического оттенка (rote имеет более ограниченный смысл — скорее «механическое выполнение»).\n   \n   −1 балл (несущественная лексическая неточность: «rote» vs «routine»).\n\n2. Следом: «preparation for them» — отсутствовало слово «подготовка к занятиям» как отдельный элемент перечисления. Это приводит к неполному сохранению смысла — потерен ключевой аспект исходной аргументации о нескольких типах задач.\n\n   −3 балла (полное искажение научного смысла: отсутствие «контроль успеваемости» и «проверка типовых заданий», а также пропущенная часть — «подготовка к занятиям»).\n\n3. Далее «can lead a great role»:\n   – В исходнике говорилось не о «lead a role», а о возможности делегирования рутинной работы (delegation/ delegation possibility). Здесь нарушена модальность (отсутствует «представляется возможность», то есть пассивность), что искажает исходную идею о делегировании процессу.\n   \n   −3 балла (серьёзное изменение модальности и семантики).\n\n4. Фраза «nowadays» — переведена верно с точки зрения времени, но пропущено важное уточнение про повышение «эффективности и качества образования» (об этом ничего не сказано в переводе).\n\n   −2 балла (частичное искажение аргументации: неясны цели автоматизации).\n\nИтог по первой реплике:\n10 – 1 – 3 – 3 – 2 = 1 балл.\n\nВывод о реплике в целом: перевод значительно искажает исходный смысл. Отдельные элементы (перечисление задач) выпали из перевода. Основная структурная ошибка — неточное отражение ответственности и модальности делегирования. Сохранение оттенков точности не выполнено.\n\nОценка в целом: 1 балл.\n\nРекомендуется обратить внимание на:\n– Точность лексики (routine vs rote).\n– Полное перечисление всех элементов исходного описания.\n– Придерживаться в переводе исходной модальности делегирования (использование конструкции «представляется возможность»).\n\nПредставленный перевод не полностью соответствует исходному тексту, имеются существенные отличия по терминологии. В следующей итерации важно включить все элементы в последовательный смысловой блок.'}"
"Персонализация обучения Данное применение искусственного интеллекта в образовании становится возможным благодаря разработке методик определения способностей обучающихся, на основе которых и выстраивается индивидуальная программа обучения.
","{'out': 'Экспертный отчёт по оценке двустороннего (последовательного) перевода.\n\n1. Оригинал: \n«Персонализация обучения. Данное применение искусственного интеллекта в образовании становится возможным благодаря разработке методик определения способностей обучающихся, на основе которых и выстраивается индивидуальная программа обучения».\n\n2. Аудиоперевод студента (на английском):\n“Personalization of learning now also involves a great role in the artificial intelligence and help towards students to propagating it.”\n\nАнализ по пунктам:\n\n1. «Персонализация обучения» → «Personalization of learning»\nОценка: 9/10\nКомментарий: Перевод по терминам в целом корректен, но «персонализация» используется в более общем значении, и студент упускает нюанс «обучение с учётом индивидуальных особенностей». Также переводная фраза не содержит отсылку к образовательным методам, что чуть ослабляет перевод.\nБаллы: −1 за упущение формулировки.\n\n2. «Данное применение искусственного интеллекта в образовании» → «Now also involves a great role in the artificial intelligence»\nОценка: 5/10\nКомментарий: Здесь наблюдается серьёзное искажение: «Данное применение искусственного интеллекта» было интерпретировано как «involves a great role in artificial intelligence» – нарушена структура предложения и потерян субъект. Потеряло оттенок того, что искусственный интеллект используется именно на стадии разработки методов. «In education» отсутствует – потеря точности. \nБаллы: −3 за изменение субъектно-объектных отношений, −3 за утрату основного концепта «появляется благодаря методикам определения».\n\n3. «Применение... становится возможным благодаря разработке методик определения» → «…help towards students to propagating it»\nОценка: 2/10\nКомментарий: Полное искажение смысла. Физическое слово «propagating» (распространение) в контексте оригинала не отражено. Этот сегмент перевода трактован как «помощь студентам», тогда как смысл в исходнике – «обучение по индивидуальной программе».\nБаллы: −3 за полное искажение научного смысла.\n\n4. «Методик определения способностей обучающихся» – отсутствует в переводе полностью. Оценка: 1/10\nКомментарий: Значительная информация потеряна. Основной смысл теряется: нет методического аспекта определения способностей.\nБаллы: −3 за суть искажения и отсутствие перевода ключевых методических терминов.\n\n5. «На основе которых выстраивается индивидуальная программа обучения» → отсутствует в переводе (в оригинале политика «на основе которых» переходит в сам процесс персонализации, но это не упомянуто).\nОценка: 0/10\nКомментарий: Повторное отсутствие полного перевода логической конструкции. Вместо «based on which» – нет никаких аналогов. Студент упустил ключевую логику последовательности («в результате выстраивания программы») – критическая терминологическая неточность.\n\nИтоговая оценка по реплике в целом: \nНачальная база: 10 баллов.\n\nШтрафы:\n- Минус 3 за изменение субъектно-объектных отношений.\n- Минус 3 за полное искажение научного смысла («propagating it» вместо «индивидуальная программа обучения»).\n- Минус 3 за терминологические ошибки в ключевых частях («методики определения» не приведены).\n- Минус 1 за отсутствие «на основе которых we build an individualized curriculum».\n\nОкончательный балл за эту реплику: 0 баллов. Перевод не соответствует научному контексту и потеря информацию критична. Необходимо углублённое восстановление исходного смысла.\n\n---\n\nКраткий итог по оценке:\n\nКомпенсация исходного смысла отсутствует, требуется корректировка стратегической семантики, восстановление логики причинно-следственных связей. Рекомендуется переслушивание и более тщательное изучение ключевых терминов.'}"
"Искусственный интеллект способен собирать и анализировать большие массивы разрозненных данных, а в дальнейшем получать из этого общую картину ситуации.
","{'out': 'Экспертный анализ перевода:\n\nОригинальный текст: \n«Искусственный интеллект способен собирать и анализировать большие массивы разрозненных данных, а в дальнейшем получать из этого общую картину ситуации.»\n\nПереведённый текст (аудио):\n«Artificial intelligence can complete and find the great sources of data and then students... and then it will help for students in education.»\n\nСтруктура перевода:\n1. Оригинал: «способен собирать и анализировать» \n   Перевод: «can complete and find»\n   Комментарий: Существенное искажение смысла. Оригинал говорит о сборе и анализе данных для формирования общей картины. Перевод «complete and find» не отражает эти действия адекватно. Штраф −3 балла (полное искажение научного смысла).\n   \n2. Оригинал: «большие массивы разрозненных данных»\n   Перевод: «the great sources of data»\n   Комментарий: «Great sources» – искажение, теряется идея «disparate data». Значительное терминологическое отклонение. Штраф −3 балла (терминологическая ошибка).\n   \n3. Оригинал: «в дальнейшем получать из этого общую картину» \n   Перевод: «and then it will help for students in education»\n   Комментарий: В оригинале акцент на «общую картину ситуации» (получение целостного понимания), в переводе – не просто ошибка, а ослабление смысла (появление новой субъективной цели «для студентов» и неверно переданная модальность). Штраф −2 балла.\n\nИтоговая оценка реплики:\n−3 (первое нарушения) \n−3 (второе нарушение) \n−2 (третье нарушение)\n\nИтого: 10 – 3 – 3 – 2 = 2 балла\n\nРекомендации: \n1. Сосредоточиться на точности терминологии – «собирать» – «collect», «анализировать» – «analyze», «массивы разрозненных данных» – «large volumes of disparate data».\n2. Избегать деформации в субъектно-объектных отношениях («для студентов» – не было в оригинале).\n3. Соблюдать регистр академического стиля: «to form a coherent picture» вместо «it will help for students».\n\nАнализ выполнен корректно: обе стороны оценены. Следующие примеры аналогичных альтернатив следует уточнять и корректировать.'}"
"Помимо этого, искусственный интеллект способен спрогнозировать ее развитие, исходя из начальной точки.
","{'out': 'Экспертный отчёт по анализу перевода\n\nСтудент перевёл фрагмент с русского: «Помимо этого, искусственный интеллект способен спрогнозировать ее развитие, исходя из начальной точки.»\n\nЦелевой фрагмент был: «Besides that, artificial intelligence is capable of predicting its development starting from the initial point».\n\nОригинал предложения на русском характеризуется академическим стилем, точностью формулировок и научной терминологией. Исходный текст подчёркивает возможность искусственного интеллекта построить прогноз развития, базируясь на начальной точке.\n\nАнализ перевода:\n\n1. «Besides that» → «More than that»\n   Пример замены: «Besides that» — распространённый перевод «Помимо этого», но в данном контексте замена имеет значение. «More than that» носит оттенок усилия или превышения. В академическом регистре предпочтительнее более точный эквивалент «Besides that», что поддерживает плавность логического перехода.  \n   Штраф: −1 балл (регистровое снижение из-за смещения оттенка усиления).\n\n2. «Artificial intelligence is capable of predicting» → «Artificial intelligence help (focused) ing of development»\n   Существуют серьёзные нарушения в этой части. Вместо «capable of predicting» студент использовал фразу «help focused ing». Во‑первых, «help focused ing» – конструкция с грамматической ошибкой, отсутствует конечный глагол с правильной формой. Неясно, за чем должен следовать глагол. \n   \n   Оригинал передаёт точную модальность «is capable of» (способен). В переводе студент заменил модальность на «focused ing» (неправильно сформулированную конструкцию). Утрата конструкции возможности приводит к искажению логики и смыслового ряда.\n   \n   Штраф: −3 балла за изменение субъектно-объектных отношений и потерю модальности.\n\n3. «Its development» → «of development»\n   Пропущен притяжательный элемент «its». Это затрудняет ясность самого объекта прогноза. «Of development» звучит неполно. Следовало использовать «its development» (развитие ИИ или системы отвечает на вопрос, свой или чужой).\n   \n   Штраф: −1 балл за лексическую неточность.\n\n4. «Starting from the initial point» → «...involving applications of it»\n   Оригинальная фраза «starting from the initial point» конкретна и научна. Здесь отсутствует прямое соответствие в переводе. Замена фразы «involving applications of it» вводит дополнительный смысловой слой (вовлечение приложений), который отсутствует в исходнике. Неправильная терминологическая подмена.\n   \n   Штраф: −3 балла – замена научного термина (точность термина нарушена).\n\nИтог по переводу:  \n\nВсего за фрагмент: 10 баллов изначально.  \nПрименено штрафов: −3 (за изменение субъектного действия, утрату возможности) −1 (стилистическая неточность, регистровое снижение) −3 (замена терминологии и дополнительных смыслов).\n\nСуммарный итог: 3 балла.\n\nЗаключение: Перевод утратил ключевой смысловый контекст и терминологическую точность. Требуется более тщательная работа с грамматической конструкцией, сохранением модальности (способности/intention) и соответствующей докладному формату терминологии («initial point» заменён некорректно). Перевод требует существенного улучшения.\n\nРекомендации:\n– Работать над точной передачей модальности («is capable of») в пассивной форме.\n– Сохранять структуру логики: «it» → «its development».\n– Избегать неполных формул, корректировать грамматические неточности.\n  \nИтоговый вывод: –3 балла, фрагмент отражает только частичное соответствие исходному сообщению.'}"
"Применимо к образовательному процессу, искусственный интеллект способен выявлять те или иные дисциплины в области этих дисциплин, в которых у обучающихся есть проблемы.
","{'out': 'Отправленная вами информация содержит перевод, произведённый студентом, и исходный текст на русском. Цель анализа: оценить уровень соответствия перевода звучанию, смыслу оригинала и точности использования лексики.\n\nИсходный текст (на русском):\n«Применимо к образовательному процессу, искусственный интеллект способен выявлять те или иные дисциплины в области этих дисциплин, в которых у обучающихся есть проблемы.»\n\nОтдельный анализ элементов исходного текста:\n1. «Применимо к образовательному процессу» — вводная фраза, обозначающая контекст.\n2. «Искусственный интеллект способен выявлять» — конструкция, подчёркивающая дееспособность ИИ (способности выявлять).\n3. «Иные дисциплины в области этих дисциплин» — тавтология, указывает на необходимость тщательного выделения предметных областей.\n4. «У обучающихся есть проблемы» — ключевой научный аспект: обнаружение проблемной зоны у обучающихся.\n\nПеревод (аудио):\n«Also, artificial intelligence can improve effectiveness of learning and in ares or in artificial ase, and so on.»\n\nОценка по критериям:\n\n1. «Also, artificial intelligence can improve effectiveness of learning» — начало перевода добавляет «also», что не было в исходнике. Это формирует частичное смещение контекстуальной нагрузки. Теряется основная вводная конструкция («применимо к образовательному процессу»), что создаёт ослабление научной специфики.\n   Ошибка: −1 балл (отсутствие указания на контекст образовательного процесса).\n   \n2. «… и в ares or in artificial ase» — явная ошибка (дисциплины не названы), неподобающая компрессия. Вероятно ошибочная попытка передачи слова «areas» (области). Это серьёзно искажающая абстракции ошибка и влияет на смысловую нагрузку.\n   Ошибка: −3 балла (полное искажение научного смысла: нет ни указаний на дисциплины, ни конкретизации областей выявления проблем). \n\n3. «And so on» — добавление неформальной конструкции неуместно в академическом контексте. Это снижает регистр, ослабляет аргументацию. \n   Ошибка: −2 балла (ослабление научной аргументации).\n\nИтоговая оценка:\n\nНачало реплики: 10 баллов.\nШтраф за искажение наук. смысла (изменение субъектно-объектных отношений): №2 (−3 балла). \nШтраф за ослабление аргументации в конце: №3 (−2 балла).\nШтраф за изменение структурного компонента для регистрирования значения: №1 (−1 балл).\n\nИтог: 10 - 3 - 2 - 1 = 4 балла.\n\nКомментарий: Студенту необходимо усилить внимание к контексту (начальная конструкция «Применимо к образовательному процессу»), точнее раскрывать терминологию в соответствии с оригиналом. Необходимо избегать грамматических и терминологических ошибок, сохранять строгий академический стиль. Точный перевод терминов («areas» — области) должен быть обеспечен, отвергать использование «and so on» в научном дискурсе без дальнейшего уточнения.'}"
"Еще одну проблему современного образования можно решать с помощью нейросети – это профориентация.
","{'out': 'Экспертный отчёт по анализу перевода:\n\nИсходный текст (оригинал):  \n«Еще одну проблему современного образования можно решать с помощью нейросети – это профориентация.»\n\nАудио-перевод студента:  \n«Also one problem which could be analyzed with artificial intelligence is personalization of learning.»\n\n1. Сопоставление с исходным текстом:  \n   Студент изменил исходную научную концепцию. Исходник касался профориентации, т.е. выбора дальнейшего профессионального пути, тогда как перевод сосредоточен на персонализации обучения. Это радикальное изменение предмета делает перевод невозможным к принятию – смысл и акцент существенно искажены.\n\n   Существуют следующие краткие замечания:  \n   – «Профориентация» по определению связано с выбором профессии, карьерного пути. «Персонализация обучения» – иная образовательная задача.  \n   – «Профориентация» относится к консультационным и аналитическим аспектам, а «персонализация обучения» — к адаптивным методологиям. Значение и научная терминология совпадают лишь частично.\n\n2. Субъектно-объектные отношения:  \n   Студент не сохранил оригинальную логику. В исходном варианте подразумевалось решение проблемы через нейросеть. В переводе указано, что «персонализация» предполагается как объект анализа. Точность субъектно-объектных отношений нарушена.\n\n3. Причинно-следственные связи:  \n   В исходнике «можно решать» является предположительной формой (can be solved), а в переводе присутствует «is personalization», что делает высказывание неприменимым к логике (проблема решается, а не анализируется).\n\n4. Терминологическая точность:  \n   «Профориентация» переведена весьма некорректно. «Personalization of learning» (персонализация обучения) не соответствует термину, так как слово «personalization» в данном контексте лексически непредпочтительно.\n\n5. Грамматические ошибки:  \n   В целом грамматика переводной конструкции корректна.\n\n6. Сохранение академического регистра:  \n   Формулировка «analyzed with artificial intelligence» недостаточно высока по регистру для научной конференции. В оригинале стоит «решать с помощью», что менее специализировано по технической точности, но не так сильно снижает регистр.\n\nОценка: \n\n1. Искажение смысла: −3  \n   Причина: Полное изменение объекта перевода – от профориентации к персонализации обучения.\n   \n2. Изменение субъектно-объектных отношений: −3  \n   Причина: Изменение предмета действия (связь нейросети с профориентацией заменена на анализ персонализации обучения).\n   \n3. Грамматическая ошибка: 0  \n   Причинно-следственные связи нарушены, но грамматически перевод корректен.\n   \n4. Терминологическая ошибка: −3  \n   Причина: Неправильно подобран эквивалент англоязычному профессиональному термину.\n\nИтоговый балл за реплику: 10 − 3 − 3 − 3 = 1'}"
"В заключении важно отметить, что использование искусственного интеллекта может привести к значительному улучшению эффективности обучения, формированию цифровой культуры обучающихся и позволит персонализировать процесс обучения.
","{'out': 'Экспертный анализ:\n\n1. Исходная реплика:  \n«В заключении важно отметить, что использование искусственного интеллекта может привести к значительному улучшению эффективности обучения, формированию цифровой культуры обучающихся и позволит персонализировать процесс обучения.»\n\n2. Перевод студента:  \n«А – To conclude, we can say that artificial intelligence can help people to... forming its personality and ... help to improve our skills.»\n\nАнализ ошибок:\n\n1. Полное искажение: \n– «Формирование цифровой культуры обучающихся» в исходнике важно, но в переводе отсутствует этот аспект. Переводчик не отразил концепцию цифровой культуры.\n−3 балла\n\n2. Частичное искажение:\n– «Повышение эффективности обучения» переведено как «to improve our skills» и «help to improve our skills», но это более общее утверждение. Исчезла терминология именно «эффективность обучения». Это снижает научную точность.\n−2 балла\n\n3. Неправильная структура: \n– «...can help people to... forming» – грамматически неверный вариант инфинитива. Верный вариант: «...can help people to form» или «...can help with forming». В исходнике нет «формирования личности» – искажение смысла.\n−3 балла\n\n4. Стилистические ошибки: \n– «...help to improve» – неестественная структура (не соответствующая академическому регистру). Правильнее было «help improve» или «facilitate improvement». \n−1 балл\n\nИтого по реплике:\n\n−3 (искажение)  \n−2 (оттенок значения)  \n−3 (грамматика)  \n−1 (стилистика)\n\nИтоговая оценка за реплику: 1 балл. \n\nРекомендация: Необходимо проработать точность терминологии, отработать грамматические конструкции, и уделить внимание различию в оттенках значений («эффективности обучения» и «улучшение навыков»).'}"
"Спасибо за внимание. Буду рад ответить на Ваши вопросы.
","{'out': 'Анализ аудиоперевода:\n\n1. Исходный текст: ""Спасибо за внимание. Буду рад ответить на Ваши вопросы.""\n   \n   Перевод: ""Thanks for your attention and I will glad to answer to your questions.""\n\n2. Оценка:\n\nОсновной анализ:\n- Терминологическая точность отсутствует.\n- Отделение ""опыт"" благодарственного коллокации ""Thanks for your attention"" верное. Оценка: 0.\n  \n- Сбалансированность конструкции ""I will glad"" нарушена грамматически: должно быть ""I will be glad"" (пропущена вспомогательная частица ""be"").\n  Нарушение грамматики. Штраф: −1 балл.\n\n- Фраза ""answer to your questions"" нетерминологически корректна. Правильное употребление: ""answer your questions"", без ""to"". Частичная искаженность. Штраф: −2 балла.\n\n- Структура фразы не ослабляет основную научную аргументацию. Штраф: отсутствует.\n\nИтого: \nБаллы: 10 (изначально) − 1 (грамматическая ошибка, ""will"" → ""will be"") − 2 (искажена конструкция ""answer to your questions"").\n\nИтоговый балл: 7. \n\nЭто демонстрирует, что перевод требует исправления в синтаксисе и грамматике. Основная идея сохранена, но не в полной мере с академической точностью.'}"
"How does artificial intelligence help solve the problem of the career guidance?
","{'out': 'Экспертный отчёт по результатам анализа перевода:\n\nИсходный текст (английский):  \n""How does artificial intelligence help solve the problem of the career guidance?""\n\nПеревод (аудио):  \n""Как искусственный интеллект может помочь для улучшения профориентации?""\n\nАнализ:\n\n1. Смысл:  \nВ целом, смысл передан. Исходная фраза указывает на помощь искусственного интеллекта в решении проблемы, в то время как переведённая версия уточняет аспект — улучшение профориентации. Смысл сохранён в достаточной мере, однако есть ряд нюансов. От первоначальной формулировки вопроса (про проблему в общем) сдвинут фокус на аспект улучшения, то есть услуга AI позиционируется не как решение глобальной проблемы, а как инструмент её улучшения. Это некоторое изменение.\n\n2. Субъектно-объектные отношения:  \nСубъект (искусственный интеллект) и его действие (помощь) грамматически корректно отражены в переводе. Здесь отношения соблюдены. Однако в исходном вопросе акцент на том, как (метод) решается проблема. Перевод акцентирует на том, как будет улучшено (то есть результат), что является частичным искажением мотива вопроса.\n\n3. Лексика и терминология:  \nТерминология предполагает наличие точности. Исходный термин “career guidance” в переводе представлен как “профориентация”. С лингвистической точки зрения это адекватная замена (профессиональная ориентация), однако в контексте научной дискуссии возможна большая специфичность — “career guidance” может подразумевать более широкий спектр вопросов (наставничество, карьерные треки, тестирование). В данном контексте термин не совсем точен. В идеале следовало бы уточнить: “профессиональное консультирование и руководство” или “вопросы карьерного ориентирования”.\n\n4. Логика:  \nНаблюдается слабая логическая передача: “помочь для улучшения” не идеально соответствует исходному “help solve”. Предлог для в данном контексте нетипичен. Непосредственное соответствие: “помочь в решении” было бы точнее. В текущей формулировке теряется часть исходной связки причины и решения, хотя смысл можно предположить сохранённым.\n\n5. Штрафные баллы:  \n−2 балла: Изменён оттенок — вместо решения проблемы сделан акцент на улучшении профориентации.\n−2 балла: Снижение точности терминологии — “профориентация” вместо возможного вариант “career counselling” или “career guidance”.\n−1 балл: Предлог “Для” заменяет конструкцию “help solve” (не точное соответствие предлогов действия).\n\nОкончательный балл за реплику:  \n10 − 2 − 2 − 1 = 5 баллов. \n\nКомментарий: перевод близок, однако имеется искажение в оттенке смысла и некоторая неточность с термином. Рекомендуется уделить большее внимание точности терминологии и логике формулировки.'}"
"Спасибо за вопрос. Искусственный интеллект анализирует ответы на вопросы по профориентации, составленные специалистами в этой области. Результатом анализа является детальная картина способностей и интересов человека.
","{'out': 'Анализ перевода:\n\nИсходный текст: \n""Спасибо за вопрос. Искусственный интеллект анализирует ответы на вопросы по профориентации, составленные специалистами в этой области. Результатом анализа является детальная картина способностей и интересов человека.""\n\nПеревод студента:\n""Thank you for your question. Artificial Intelligence helps to us to our professionation to improve our skills.""\n\nАнализ по критериям:\n\n1. От постановки задачи и идентификации исходного контекста.\nОценка: 10 баллов  \nКомментарий: Начало реплики в целом сохранено («Thank you for your question» полностью соответствует исходной фразе).\n\n2. Структура логики и точность передачи смысла.\nОценка: −3 балла  \nУточнение: Основное нарушение заключается в искажении сути. В исходнике «Искусственный интеллект анализирует ответы на вопросы по профориентации» студент передает: «Artificial Intelligence helps to us... to our professionation». В данном случае «analyzes answers to career-oriented questions by specialists» не передано. Вместо анализа ответов студент вводит «helps to us» (неверное дополнение ресурса) и меняет направление действия на помощь, а не анализ. Это искажение значения процесса и смещения субъектно-объектных отношений.\n\n3. Терминологическая точность.\nОценка: −2 балла  \nУточнение: Представлена попытка использовать слово с похожим значением («professionation»). В исходном фрагменте речь идет о «профориентации» (career guidance), а не о связанном термине. Заменяющий термин не соответствует наиболее общепринятой терминологии и ослабляет научную корректность.\n\n4. Модальность.\nОценка: 0 баллов  \nКомментарий: Модальность («analyzes» в исходном) была переведена как «helps to us». В данном случае модальность утрачена: исходная структура подразумевает анализ, а не помощь. Штраф, однако, уже применен выше, поэтому повторный扣 только за одно искажение.\n\n5. Лексическая точность.\nОценка: 0 баллов  \nКомментарий: В переводе присутствуют лексические неточности («profination» – методологически неудачное слово, которое с научной точки зрения здесь неточно), но значительной утраты смысла не произошло, хотя оттенки смысла и были ослаблены.\n\n6. Грамматические ошибки, которые не искажают смысл. Учтены:\n−1 балл  \nУточнение: Форма «helps to us» – грамматически некорректно. Правильнее «helps us». Пропущена грамматическая форма перед дополнением.\n\nИтоговый подсчет по реплике: \nНачальная база: 10 баллов\n−3 балла (искажение смыслового порядка, изменение субъектно-объектных связей)\n−2 балла (замена терминологии)\n−1 балл (грамматическая ошибка)\n\nИтог: 4 балла.\n\nКомментарий для преподавателя: При анализе перевода отмечены серьезные нарушения в ключевых терминах и переносе значений. Рекомендуется усилить внимание на адекватном переводе технических терминов, избегать неуместных неологизмов и уделять внимание сохранению субъект-на-предметной глубины смысловой связи.'}"
